2024 Technology Intern,09/10/2023 13:28:00
2024 Summer Software Engineering Intern,09/10/2023 13:24:00
Intern - Continuous Improvement - Summer 2024,09/09/2023 16:23:00
Intern - Test Engineer - Summer 2024,09/09/2023 16:23:00
Intern - Product Engineer - Summer 2024,09/09/2023 16:23:00
Intern - Digital Engineer - Summer 2024,09/09/2023 16:23:00
Intern - Software Engineer - Summer 2024,09/09/2023 16:23:00
Intern - Digital Engineer - Summer 2024,09/09/2023 16:23:00
Intern - Product Engineer - Summer 2024,09/09/2023 16:23:00
Intern - Product Engineer - Summer 2024,09/09/2023 16:23:00
Intern - Site IT - Summer 2024,09/09/2023 16:22:00
Intern - Cyber Security - Summer 2024,09/09/2023 16:22:00
Intern - Site IT - Summer 2024,09/09/2023 16:22:00
Intern - Product Engineer - Summer 2024,09/09/2023 16:22:00
Intern - Test Engineer - Summer 2024,09/09/2023 16:22:00
Intern - Automation Engineer - Summer 2024,09/09/2023 16:22:00
Intern - Software Engineer- Summer 2024,09/09/2023 15:42:00
Humana 2024 IT Summer Internship,09/08/2023 22:39:00
Data Scientist Intern,09/08/2023 22:35:00
Machine Learning Engineer Intern Customer Identity Cloud (Summer 2024),09/08/2023 22:33:00
GRC Cyber Security Intern - Summer 2024,09/08/2023 22:28:00
Software Development Engineer in Test Intern – Summer 2024,09/08/2023 22:28:00
Intern Power HW Development,09/08/2023 22:25:00
Intern Firmware Engineering,09/08/2023 22:24:00
Intern Hardware Engineer,09/08/2023 22:22:00
Software Engineer Internship Summer 2024,09/08/2023 21:56:00
Analytics Internship Summer 2024 (Hybrid),09/08/2023 21:56:00
Summer Associate Internship (Data Scientist - Real Estate Lending),09/08/2023 21:54:00
Summer Associate Internship (Technical Projects Systems and Training),09/08/2023 21:54:00
Summer Associate Internship (Data Scientist),09/08/2023 21:54:00
Summer Associate Internship (Data Scientist),09/08/2023 21:54:00
Summer Associate Internship (Data Analyst),09/08/2023 21:53:00
Summer Associate Internship (Data Analyst ),09/08/2023 21:53:00
Summer Associate Internship (Data Analyst),09/08/2023 21:53:00
Summer Associate Internship (Data Analyst),09/08/2023 21:53:00
Summer Associate Internship (Data Scientist),09/08/2023 21:53:00
Summer Associate Internship (Data Scientist - Membership Analytics),09/08/2023 21:53:00
Summer Associate Internships (Data Scientist - Digital Payments),09/08/2023 21:53:00
Summer Associate Internship (Data Scientist - Fair Lending),09/08/2023 21:53:00
Summer Associate Internship (Data Scientist - Compliance Public Policy),09/08/2023 21:53:00
Summer Associate Internship (Data Scientist - Compliance Public Policy),09/08/2023 21:49:00
INTERN: ENGINEERING,09/08/2023 21:30:00
Summer Associate Internship (Baseline Analytics Data Engineer),09/08/2023 21:23:00
Summer Associate Internships (Data Scientist - Model Risk Management),09/08/2023 21:15:00
Summer Associate Internship (Data Quality Analyst),09/08/2023 21:14:00
Summer Associate Internship (Marketing Data Science & Strategy),09/08/2023 21:10:00
Summer Associate Internship (Collections Strategy Data Analytics),09/08/2023 21:08:00
Summer Associate Internship (Enterprise Data & Analytics Adoption),09/08/2023 21:06:00
Summer Associate Internship (Digital Engineering),09/08/2023 21:04:00
Summer Associate Internship (Real Estate Analytics & Data Science),09/08/2023 20:35:00
Summer 2024 Software Engineer Intern,09/08/2023 20:32:00
Intern - Electrical Engineer (EE),09/08/2023 15:48:00
Intern - Circuit Design Engineer,09/08/2023 15:48:00
Intern - Machine Learning Engineer,09/08/2023 15:48:00
Intern - Hardware Product Engineer,09/08/2023 15:47:00
Intern - Data Analyst,09/08/2023 15:47:00
Intern - AI/ML Algorithms Silicon Systems AI,09/08/2023 15:47:00
Data Science Intern,09/08/2023 15:24:00
Information Technology Intern,09/08/2023 15:24:00
Data Intern,09/08/2023 15:24:00
Intern - Advanced Analytics (Summer 2024),09/08/2023 14:54:00
Intern - Engineering (Summer 2024),09/08/2023 14:53:00
Intern - Operations Analytics (Summer 2024),09/08/2023 14:53:00
Intern - Digital technology (Summer 2024),09/08/2023 14:53:00
Software Engineer Intern (Summer 2024),09/08/2023 11:32:00
Software Developer Intern USA,09/08/2023 08:20:00
Software Engineer Intern,09/08/2023 08:20:00
Intern - Machine Learning (Summer 2024),09/08/2023 08:20:00
Network Automation Summer 2024 Internship,09/08/2023 08:20:00
Information Technology Leadership Development Program,09/07/2023 21:50:00
Data Analytics Intern,09/07/2023 21:41:00
Intern- HPC Software Engineer,09/07/2023 21:12:00
Intern - Associate Data Visualization Programmer,09/07/2023 21:12:00
Intern - Data Visualization Specialist,09/07/2023 21:12:00
2024 Summer - Business Intelligence Engineer Intern,09/07/2023 21:04:00
2024 Summer - Software Engineer Intern,09/07/2023 21:03:00
2024 Summer - Data Management Intern,09/07/2023 21:03:00
DT Data Scientist Intern,09/07/2023 20:54:00
DT Data Scientist Intern,09/07/2023 20:54:00
2024 Supply Chain Technical/Data Internship – Graduate,09/07/2023 15:44:00
College Graduate - Computer Science - (Masters),09/07/2023 15:31:00
College Graduate - Computer Science - (Bachelors),09/07/2023 15:31:00
Graduate Internship - Computer Science (MS/PhD),09/07/2023 15:29:00
Undergraduate Internship - Computer Science (Bachelors),09/07/2023 15:28:00
College Graduate - Computer Engineering - (Masters),09/07/2023 15:28:00
College Graduate - Computer Engineering - (Bachelors),09/07/2023 15:28:00
Graduate Internship - Computer Engineering (MS/PhD),09/07/2023 15:25:00
Undergraduate Internship - Computer Engineering (Bachelors),09/07/2023 15:23:00
Electrical Engineering College Graduate (MS) - JR0245525,09/07/2023 15:21:00
Electrical Engineering College Graduate (BS) - JR0245524,09/07/2023 15:16:00
Software Engineering Intern Summer 2024,09/07/2023 11:38:00
Test Software Engineer Intern,09/07/2023 11:32:00
Controls Intern,09/07/2023 11:32:00
Algorithm Engineer Intern,09/07/2023 11:01:00
Network Performance Summer 2024 Internship,09/07/2023 10:57:00
2024 Summer Intern Data Science (Remote Masters),09/07/2023 10:48:00
2024 Computer Engineer Intern - Baltimore MD,09/07/2023 10:40:00
2024 Systems Engineer Intern - Redondo Beach CA,09/07/2023 10:40:00
2024 Intern Avionics Integration,09/07/2023 10:40:00
2024 Systems Engineer Intern - Baltimore MD,09/07/2023 10:40:00
Data Science Internship (Graduate) - Boston MA / Remote - Summer 2024,09/07/2023 10:35:00
Software Engineer- Intern Owego New York,09/07/2023 10:30:00
SOFTWARE ENGINEER PROGRAM – SUMMER INTERNSHIP OPPORTUNITY,09/07/2023 10:30:00
Software Engineer - Intern Colorado Springs Colorado,09/07/2023 10:29:00
Systems Engineering - Intern Huntsville Alabama,09/07/2023 10:28:00
Software Engineer - Intern Colorado Springs Colorado,09/07/2023 10:28:00
Software Engineer - Intern King of Prussia Pennsylvania,09/07/2023 10:27:00
Systems Engineer College Intern Bothell Washington,09/07/2023 10:25:00
Data Analyst (Supply Chain) Intern Fort Worth Texas; Marietta Georgia; Palmdale California,09/07/2023 10:25:00
Software Engineer- Intern Manassas Virginia,09/07/2023 10:24:00
Software Engineer- Intern Manassas Virginia,09/07/2023 10:23:00
Software Engineer- Intern Manassas Virginia,09/07/2023 10:22:00
Software Engineering Intern - Dallas TX Grand Prairie Texas,09/07/2023 10:19:00
System Integration and Test Engineer Intern - Summer 2024 Huntsville Alabama,09/07/2023 10:19:00
Electrical Engineering Intern Stratford Connecticut,09/07/2023 10:18:00
Electrical Engineering Intern Stratford Connecticut,09/07/2023 10:16:00
Software Engineer - F-16 - Intern Fort Worth Texas,09/07/2023 10:15:00
Systems Engineering - Intern Sunnyvale California,09/07/2023 10:15:00
Software Automation Engineer - Intern Fort Worth Texas,09/07/2023 10:12:00
Software Engineer - Quality - Intern Orlando Florida,09/07/2023 10:11:00
Software Engineer - Intern Marietta Georgia,09/07/2023 10:10:00
Test Engineer - Intern Fort Worth Texas,09/07/2023 10:08:00
Data Analyst - Intern Fort Worth Texas; Marietta Georgia; Palmdale California,09/07/2023 10:06:00
Software Quality Engineer - Intern Fort Worth Texas,09/07/2023 10:05:00
Software Quality Engineer - Intern Fort Worth Texas,09/07/2023 10:04:00
Data Scientist Analyst - Intern Fort Worth Texas,09/07/2023 10:03:00
Data Scientist Analyst - Intern Fort Worth Texas,09/07/2023 09:51:00
Software Engineer (Manufacturing Digital Transformation) - Intern Marietta Georgia,09/07/2023 09:49:00
Software Engineer - Intern Fort Worth Texas,09/07/2023 09:45:00
Electronics Engineer (Processor Hardware Engineer) - Intern Fort Worth Texas,09/07/2023 09:44:00
Software Engineer - Intern Fort Worth Texas,09/07/2023 09:44:00
Systems Engineer (Design and Test) - Intern Fort Worth Texas,09/07/2023 09:38:00
Software Engineer -- Intern Fort Worth Texas,09/07/2023 09:37:00
Data Analyst - Intern Fort Worth Texas,09/07/2023 09:36:00
Software Engineering Intern Sunnyvale California,09/07/2023 09:33:00
Systems Engineer (Data Analytics) - Intern Fort Worth Texas,09/07/2023 09:33:00
Software Engineer - Intern Fort Worth Texas,09/07/2023 09:32:00
Systems Engineer - Intern Sunnyvale California,09/07/2023 09:29:00
Software Engineering Intern - Orlando FL Orlando Florida,09/07/2023 09:29:00
Data Scientist and Analytics - Intern Fort Worth Texas,09/07/2023 09:28:00
Data Analyst - Quality & Mission Success - Intern Fort Worth Texas; Marietta Georgia,09/07/2023 09:27:00
Software Engineer (Maintenance Systems) - Intern Fort Worth Texas,09/07/2023 09:26:00
Systems Engineer - Intern Fort Worth Texas,09/07/2023 09:25:00
Software Engineer (Cyber) - Intern Marietta Georgia,09/07/2023 09:24:00
Predictive Analytics & Cost Engineering Intern Littleton Colorado,09/07/2023 09:23:00
Software Engineer (Maintenance Systems) - Intern Orlando Florida,09/07/2023 09:22:00
Data Analyst - Intern Fort Worth Texas,09/07/2023 09:21:00
Electrical Engineer Intern Kings Bay Base Georgia,09/07/2023 09:17:00
Software Development Intern King of Prussia Pennsylvania,09/07/2023 09:14:00
Embedded Software Engineer Intern Bothell Washington,09/07/2023 09:11:00
2024 TechStart Summer Internship Program,09/06/2023 23:19:00
Data Engineer Intern - 2024,09/06/2023 23:19:00
Technology Development Program Internship Bothell Washington,09/06/2023 23:07:00
Technology Development Program Internship Middletown New Jersey,09/06/2023 23:07:00
Technology Development Program Internship Atlanta Georgia,09/06/2023 23:07:00
Technology Development Program Internship Dallas Texas,09/06/2023 23:07:00
Intern: Data Science,09/06/2023 21:35:00
Intern: Software Developer,09/06/2023 21:35:00
Firmware Engineering Intern,09/06/2023 21:32:00
Data Science Intern,09/06/2023 21:23:00
Data Software Engineer Intern,09/06/2023 21:21:00
Data Scientist Intern,09/06/2023 21:19:00
Software Engineering Intern,09/06/2023 21:16:00
Summer Analyst,09/06/2023 21:11:00
Software Engineer Intern - Redwood City CA (Onsite),09/06/2023 20:53:00
Data Science Intern Science,09/06/2023 20:53:00
Software Engineer Intern - Redwood City CA (Onsite),09/06/2023 20:53:00
Personal Systems Hardware Engineer Internship,09/06/2023 20:35:00
Personal Systems Software Engineer Internship,09/06/2023 20:35:00
2024 Summer Intern: Associate Data Scientist - Customer Operations,09/06/2023 15:14:00
2024 Summer Intern: Associate Data Scientist - Customer Operations,09/06/2023 15:14:00
2024 Summer Intern: Associate Data Scientist - Customer Operations,09/06/2023 15:13:00
2024 Summer Intern: Assoc Data Insights Analyst - Customer Operations,09/06/2023 15:13:00
2024 Summer Intern: Assoc Data & Reporting Analyst - Customer Operations,09/06/2023 15:13:00
2024 Summer Intern: Assoc Data Insights Analyst - Customer Operations,09/06/2023 15:13:00
2024 Summer Intern: Assoc Software Developer - Customer Operations,09/06/2023 15:12:00
Internship Software Engineer Vehicle Software & Applications Engineering (Summer 2024),09/06/2023 13:54:00
Internship Data Engineer Vehicle Software & Applications Engineering (Summer 2024),09/06/2023 13:54:00
Internship Data Science & Data Analytics Energy Engineering (Spring/Summer 2024),09/06/2023 13:54:00
Internship Data Engineer Vehicle Software & Applications Engineering (Summer 2024),09/06/2023 13:44:00
Data Analytics Internship (Undergraduate & Graduate Level) - Summer 2024,09/06/2023 13:32:00
Data Engineer Internship (Summer 2024),09/06/2023 13:31:00
Software Engineering Internship (Summer 2024),09/06/2023 13:31:00
SF Summer Software Engineering Internship,09/06/2023 13:26:00
NYC Summer Software Engineering Internship,09/06/2023 13:26:00
2024 Summer Walmart Intern: Availability Operations,09/06/2023 13:24:00
2024 Summer Internship Program - Technology,09/06/2023 13:20:00
Summer 2024 Test Engineering Intern - Graduate,09/06/2023 09:25:00
Summer 2024 Test Engineering - Undergraduate,09/06/2023 09:25:00
Summer 2024 Electrical Engineering Intern - Undergraduate,09/06/2023 09:25:00
Summer 2024 Electrical Engineering Intern - Graduate,09/06/2023 09:24:00
Summer 2024 Avionics Software Computer Science Computer Science Engineering Intern - Undergraduate,09/06/2023 09:24:00
Summer 2024 Avionics Software Computer Science Computer Science Engineering Intern - Graduate,09/06/2023 09:24:00
Data Scientist Intern,09/06/2023 09:15:00
Controls / Automation Intern,09/06/2023 08:46:00
Electrical Design Engineer Intern,09/06/2023 08:46:00
Intern Software Engineer,09/06/2023 08:46:00
Summer 2024- Software Engineering Intern- Undergraduate,09/06/2023 08:39:00
Summer 2024- Software Engineer Intern- Graduate Degree,09/06/2023 08:39:00
Software Engineering Intern,09/06/2023 08:38:00
Firmware Engineering Intern,09/06/2023 08:36:00
Data Scientist Intern (Masters / Ph.D.),09/05/2023 23:00:00
Software Engineering Intern,09/05/2023 22:58:00
2024 Analytics & Data Science Intern,09/05/2023 22:58:00
Cybersecurity Internship Program Middletown New Jersey,09/05/2023 21:41:00
Cybersecurity Internship Program Dallas Texas,09/05/2023 21:30:00
Software Engineer - Corporate Internship,09/05/2023 21:30:00
Software Engineer Intern (Summer 2024 – Austin),09/05/2023 21:08:00
Software Engineer Intern (Summer 2024 – Chicago),09/05/2023 21:07:00
Quantitative Trading Internship (2024 Start),09/05/2023 21:07:00
Software Engineer Internship (2024 Start),09/05/2023 21:07:00
Quantitative Researcher Intern (Summer 2024 – Chicago),09/05/2023 21:07:00
Quantitative Trader Intern (Summer 2024 – Chicago),09/05/2023 21:06:00
Trading Operations Analyst Intern (Summer 2024 Start),09/05/2023 21:06:00
HFT Research Intern (Summer 2024 – Austin),09/05/2023 21:06:00
Siemens Grid Software Intern (remote),09/05/2023 20:56:00
Electrical Engineering Internship- Customer Service,09/05/2023 20:56:00
Intern Information Technology,09/05/2023 20:49:00
Intern Software Developer,09/05/2023 20:49:00
Development Tools Software Engineer (Intern),09/05/2023 20:46:00
Software Engineering Intern (Summer 2024),09/05/2023 20:45:00
Software Engineering Intern,09/05/2023 20:43:00
Summer 2024 Software Engineer Intern,09/05/2023 20:41:00
Software Product Development Intern,09/05/2023 20:39:00
2024 UTG Technical Services (TEC) Summer Intern (Data Management/Data Science & Analytics Majors),09/05/2023 20:32:00
Building & Systems Engineering Intern,09/05/2023 20:31:00
Building and Systems Engineering Summer Intern,09/05/2023 20:31:00
2024 UTG Enterprise Data Analytics (EDA) Intern,09/05/2023 13:37:00
Electrical Engineering Intern (Available June 2024) Washington Dist Of Columbia United States,09/05/2023 09:57:00
Electrical Engineering Intern (Available June 2024) Seattle Washington United States,09/05/2023 09:56:00
Electrical Engineering Intern (Available June 2024) Los Angeles California United States,09/05/2023 09:56:00
Electrical Engineering Intern (Available June 2024) San Francisco California United States,09/05/2023 09:55:00
Electrical Engineering Intern (Available June 2024) Houston Texas United States,09/05/2023 09:54:00
Electrical Engineering Intern (Available June 2024) Edison New Jersey United States,09/05/2023 09:52:00
Electrical Engineering Intern (Available June 2024) New York New York United States,09/05/2023 09:51:00
Electrical Engineering Intern (Available June 2024) Boston Massachusetts United States,09/05/2023 09:50:00
Electrical Engineering Intern (Available June 2024) Chicago Illinois United States,09/05/2023 09:43:00
Software Development Intern (Available June 2024),09/05/2023 09:24:00
2024 University Graduate - Software Engineer,09/04/2023 22:43:00
2024 University Graduate - Software Development Engineer 1,09/04/2023 22:43:00
2024 University Graduate - Software Development Engineer 2,09/04/2023 22:43:00
2024 University Graduate - Software Development Engineer 1,09/04/2023 22:42:00
2024 University Graduate - Software Engineer,09/04/2023 22:42:00
2024 University Graduate - Software Engineer,09/04/2023 22:42:00
Broadridge Technology Internship - Summer 2024,09/04/2023 22:33:00
2024 Summer Internship - Engineering Intern,09/04/2023 22:32:00
2024 Summer Internship - Software Engineer,09/04/2023 22:28:00
Summer 2024 Internship- Blacksburg VA,09/04/2023 22:25:00
SWE Intern: Distributed Systems NYC,09/04/2023 22:22:00
AI/ML Engineering Summer 2024 Internship,09/04/2023 22:15:00
Data Analytics Engineering Intern – HYBRID,09/04/2023 22:09:00
Data Science AI-CV-NLP Summer Intern,09/04/2023 22:08:00
Machine Learning Data Engineer Summer Intern,09/04/2023 22:06:00
Software Engineer Summer Intern - Newspapers.com,09/04/2023 22:05:00
Site Reliability Engineer (ML) Summer Intern,09/04/2023 22:04:00
Data Governance & Quality Analytics Summer Intern,09/04/2023 14:58:00
Software Engineer Intern,09/04/2023 14:58:00
Florida A&M University Summer Internship 2024 - Engineering- Michigan,09/01/2023 20:01:00
Summer Internship 2024 - Electrical Engineering - Florida,09/01/2023 20:01:00
Summer Internship 2024 - Robotics Engineering - Florida,09/01/2023 19:58:00
Summer Internship 2024 - Electrical Engineering - Michigan,09/01/2023 19:57:00
Summer Internship 2024 - Software Engineering - California,09/01/2023 19:52:00
Summer Internship 2024 - Electrical Engineering - California,09/01/2023 19:50:00
Data Analytics Intern,09/01/2023 19:49:00
Prairie View A&M University Summer Internship 2024 - Engineering- Michigan,09/01/2023 19:42:00
Intern Data Analytics,09/01/2023 19:41:00
Summer Internship 2024 - Data Analytics - Michigan,09/01/2023 19:40:00
Summer Internship 2024 - Software Engineering -Florida,09/01/2023 19:38:00
Summer Internship 2024 - Software Engineering - Michigan,09/01/2023 19:36:00
Summer Internship 2024 - Software Engineering - Indiana,09/01/2023 19:01:00
Software Engineering Intern,09/01/2023 18:55:00
Engineering Co-Op Summer 2024,09/01/2023 18:51:00
Engineering Intern - Summer 2024,09/01/2023 18:51:00
Software/Database Development Intern,09/01/2023 18:51:00
2024 software developer Summer Intern,09/01/2023 18:48:00
Electrical PCB/Embedded Engineering Summer Intern 2024,09/01/2023 18:48:00
Engineering Internship Summer 2024,09/01/2023 18:43:00
Software & Systems Engineer - Summer Intern,09/01/2023 18:39:00
Software Engineering Intern Summer 2024,09/01/2023 18:32:00
ABAD Software Integration Engineer Summer Intern 2024,09/01/2023 18:30:00
Summer 2024 Systems Integration Intern,09/01/2023 18:28:00
SOFTWARE DEVELOPMENT INTERN SUMMER 2024,09/01/2023 18:17:00
2024 - Software Engineering Intern Product,09/01/2023 18:15:00
Software Engineering Intern,09/01/2023 18:09:00
Software Engineer Intern - Summer 2024,09/01/2023 18:06:00
Software Development-Undergraduate Intern,09/01/2023 18:03:00
Site Reliability Engineer Intern - Summer 2024 Highlands Ranch CO USA,09/01/2023 17:55:00
Systems Engineer Intern - Summer 2024 Highlands Ranch CO USA,09/01/2023 17:55:00
Systems Engineer Intern - Summer 2024 Ashburn VA USA,09/01/2023 17:52:00
Site Reliability Engineer Intern - Summer 2024 Ashburn VA USA,09/01/2023 17:52:00
Software Engineer Intern - Summer 2024 Ashburn VA USA,09/01/2023 17:43:00
Software Engineer Intern - Summer 2024 Highlands Ranch CO USA,09/01/2023 17:40:00
Software Engineer Intern - Summer 2024 Atlanta GA USA,09/01/2023 17:34:00
Software Engineer Intern - Summer 2024 Austin TX USA,09/01/2023 17:29:00
Software Engineer Intern - Summer 2024 Foster City CA USA,09/01/2023 17:19:00
NIKE SOFTWARE ENGINEER UNDERGRADUATE INTERN,08/31/2023 23:15:00
Digital Technology (DT) - Software Engineer Internships - Summer 2024,08/31/2023 22:43:00
Digital Technology (DT) - Data Informatics Analyst Intern - Summer 2024,08/31/2023 22:42:00
Unified Technology Group (UTG) - Software QA Engineer Intern - Summer 2024,08/31/2023 22:42:00
Electrical Engineering Internship/Co-op,08/31/2023 22:08:00
Systems Engineering- SEPP Intern (Summer 2024) (Onsite),08/31/2023 11:16:00
FlightAware - Software Engineering Internship- Summer 2024 (Remote),08/31/2023 11:15:00
Systems Engineering Internship (Summer 2024)(Onsite),08/31/2023 11:15:00
Software Engineering Internship - Summer 2024,08/31/2023 11:12:00
Intern D Systems Eng (Salt Lake City UT),08/31/2023 09:44:00
Systems Engineer Intern D (Palm Bay FL),08/31/2023 09:44:00
Intern D Software Eng,08/31/2023 09:44:00
Electrical Engineer Intern - Summer '24 (Plano TX),08/31/2023 09:44:00
Electrical Test Engineer Inter D (Rochester NY),08/31/2023 09:39:00
Embedded Software Engineering Intern D (Salt Lake City UT),08/31/2023 09:39:00
Intern D Electrical Eng (Salt Lake City UT),08/31/2023 09:29:00
Intern E Software Eng (Salt Lake City UT),08/31/2023 09:28:00
Systems Engineering Intern D (Salt Lake City UT),08/31/2023 09:28:00
Electrical Engineer Intern D (Colorado Springs CO),08/31/2023 09:28:00
Electrical Engineer Intern D (San Diego CA),08/31/2023 09:28:00
Electrical Engineering Intern D (Rochester NY),08/31/2023 09:28:00
Software Engineering Intern D (Salt Lake City UT),08/31/2023 09:28:00
Intern D Software Eng (Salt Lake City UT),08/31/2023 09:28:00
Systems Engineer Intern E (Rochester NY),08/31/2023 09:28:00
Intern D Systems Eng (Salt Lake City UT),08/31/2023 09:28:00
Intern E Systems Eng (Salt Lake City UT),08/31/2023 09:28:00
Intern D Electrical Eng (Carlsbad CA),08/31/2023 09:28:00
Systems Engineer Intern - Summer '24 (Greenville TX),08/31/2023 09:28:00
Intern D Software Test Eng (Salt Lake City UT),08/31/2023 09:28:00
Electrical Engineer Intern C (Rochester NY),08/31/2023 09:28:00
Software Engineer Intern Senior D (Herndon VA),08/31/2023 09:28:00
Intern D Systems Eng (Salt Lake City UT),08/31/2023 09:28:00
Internship- Data Science / Data Engineering- 2024,08/31/2023 09:21:00
Molex Engineering Internship Program 2024,08/31/2023 08:51:00
Systems Engineer Intern - Summer 2024 - Highlands Ranch CO,08/30/2023 23:33:00
Systems Engineer Intern - Summer 2024 - Ashburn VA,08/30/2023 23:33:00
Software Engineer Intern - Summer 2024 - Atlanta GA,08/30/2023 23:32:00
Software Engineer Intern - Summer 2024 - Ashburn VA,08/30/2023 23:32:00
Software Engineer Intern - Summer 2024,08/30/2023 23:28:00
Software Engineer Intern,08/30/2023 23:24:00
Software Engineer Intern - Spring/Summer 2024,08/30/2023 13:10:00
Software Automation Specialist Intern - Summer 2024,08/30/2023 13:07:00
Data Science Intern - Summer 2024,08/30/2023 13:06:00
Data Science Intern - Summer 2024,08/30/2023 13:06:00
Data Science Engineer Intern - Summer 2024,08/30/2023 13:03:00
2024 Summer Applied Science Internship - United States Masters Student Science Recruiting,08/29/2023 22:00:00
2024 Summer Research Science Internship - United States Masters Student Science Recruiting,08/29/2023 21:59:00
Software Engineer Intern (Summer 2024)-San Francisco CA,08/29/2023 21:38:00
Software Engineer Intern (Summer 2024)-Boston MA,08/29/2023 21:37:00
Intern - Electrical Engineering - Summer 2024,08/29/2023 21:31:00
Intern - Firmware Engineering - Summer 2024,08/29/2023 21:30:00
Intern - Data Science - Summer 2024,08/29/2023 21:08:00
Engineer Intern - Electrical (Summer 2024),08/29/2023 21:07:00
Engineer Intern - Software (Summer 2024),08/29/2023 21:07:00
Software Engineering Intern (Summer 2024),08/29/2023 20:54:00
2024 Electronics Engineer Intern – Linthicum MD,08/29/2023 10:16:00
2024 Summer Intern Data Analytics Engineer - PCM,08/29/2023 09:39:00
2024 Summer Intern Software Engineer - PCM,08/29/2023 09:39:00
Software Engineer Intern- Summer 2024,08/29/2023 09:25:00
Digital & Analytics Intern,08/29/2023 09:22:00
Intern ECE Engineering (Summer 2024),08/29/2023 09:01:00
Intern Electrical Hardware Engineering (Summer 2024),08/29/2023 09:01:00
Intern Firmware Engineering (Summer 2024),08/29/2023 09:00:00
Intern Engineering - Test Automation (Summer 2024),08/29/2023 09:00:00
Intern Data Engineering – Advanced Analytics (Summer 2024),08/29/2023 09:00:00
Intern Data Science – Advanced Analytics (Summer 2024),08/29/2023 09:00:00
Algorithm Development Internship - Summer 2024,08/29/2023 08:59:00
Software Engineering Internship - Summer 2024,08/29/2023 08:58:00
Intern Software Quality Assurance Data Analyst Summer 2024,08/29/2023 08:42:00
Intern Test Model Based Design Controls Software Engineer Summer 2024,08/29/2023 08:42:00
Analytics Intern (Summer 2024),08/29/2023 08:30:00
Summer 2024 Internship - Software Engineering,08/29/2023 08:30:00
Software Engineer Intern,08/28/2023 22:40:00
Data Scientist Intern,08/28/2023 19:52:00
Software Engineer Intern (Summer),08/28/2023 15:46:00
2024 Intern - Software Engineer Category OtherJob Id R139304Posted Date 08/28/2023 Job available in 6 locations,08/28/2023 15:34:00
SOFTWARE ENGINEER INTERN - EMBEDDED DEVELOPMENT,08/28/2023 10:18:00
Summer 2024 Intern - Software Engineer,08/28/2023 10:08:00
Software Engineer Intern,08/28/2023 09:55:00
Technology Services Summer Intern 2024  Fort Worth TX United StatesJob Id 90821Company Name BNSF Railway Job associated with 2 categories  College Recruiting IT/Technology Services,08/26/2023 19:37:00
Engineering Summer Intern 2024 (Paid),08/26/2023 19:37:00
Engineering (Network Control Systems) Summer Intern 2024 (Paid)  Fort Worth TX United StatesJob Id 90748Company Name BNSF Railway Job associated with 2 categories  College Recruiting Track Structures & Signal,08/26/2023 19:32:00
2024 SUMMER CORPORATE INTERN - EMBEDDED SOFTWARE DEVELOPER,08/26/2023 18:35:00
2024 SUMMER CORPORATE INTERN - ENGINEERING,08/26/2023 18:35:00
2024 INTERNSHIP- INFORMATION TECHNOLOGY/COMPUTER SCIENCE,08/26/2023 18:34:00
Software Engineering Intern (Undergraduates Only),08/26/2023 18:18:00
BOEING SUMMER 2024 INTERNSHIP PROGRAM (PAID) – INFORMATION TECHNOLOGY (IT) AND DATA ANALYTICS (DA) AND DIGITAL AVIATION SOLUTIONS (DAS),08/26/2023 18:07:00
Data Software Engineer,08/25/2023 12:44:00
Electrical Engineer - Intern,08/25/2023 11:34:00
Firmware/Features Intern Summer 2024 FY24 (Meraki),08/25/2023 11:27:00
Integrated Performance Intern-Summer 2024,08/25/2023 11:13:00
Vehicle Engineering Intern - Summer 2024,08/25/2023 11:12:00
Software Engineer Intern-Summer 2024,08/25/2023 11:10:00
Software Dev Engineer Intern,08/25/2023 11:03:00
Tools and Workflow Engineer Intern,08/24/2023 19:36:00
Tools Programmer Intern,08/24/2023 19:34:00
Core Programmer Intern,08/24/2023 19:32:00
Software Engineer (Intern 2024),08/24/2023 16:10:00
Systems Integration & Test Engineering Intern - Summer 2024 John F Kennedy Space Center Florida,08/24/2023 16:10:00
Systems Engineer Intern Sunnyvale California,08/24/2023 16:10:00
Data Engineer Intern Highlands Ranch Colorado,08/24/2023 16:10:00
Hardware College Intern Boulder Colorado,08/24/2023 16:10:00
Data Engineer Intern Highlands Ranch Colorado,08/24/2023 16:10:00
Data Scientist - Intern Highlands Ranch Colorado,08/24/2023 16:10:00
Systems Engineer (Design and Test) Fort Worth Texas,08/24/2023 16:10:00
Software Engineer / Embedded / C++ / Orlando FL Orlando Florida,08/24/2023 16:10:00
AI/Machine Learning Engineer – Intern Highlands Ranch Colorado,08/24/2023 16:10:00
Electrical Test Engineering Intern - Summer 2024 Littleton Colorado,08/24/2023 16:10:00
Electrical Test Engineering Intern - Summer 2024 Littleton Colorado,08/24/2023 16:10:00
Systems Engineer Intern Silverdale Washington,08/24/2023 16:10:00
Software Engineering Intern Sunnyvale California,08/24/2023 16:10:00
Electrical Engineer Intern Kings Bay Base Georgia,08/24/2023 16:10:00
Data Intelligence Intern,08/24/2023 16:05:00
2024 Data Science Intern - North America,08/24/2023 15:47:00
2024 Software Engineering Intern - North America,08/24/2023 15:35:00
Software Engineer Undergraduate Internship,08/24/2023 15:35:00
Information Systems IT Cyber Engineer & Data Science (Summer 2024 Intern/Co-Ops),08/23/2023 15:27:00
Intern IT - Software Engineering (Summer 2024),08/23/2023 09:25:00
Graduate Intern Data Scientist (Summer 2024),08/23/2023 09:24:00
Supply Chain Engineering and Analytics Summer 2024 Internships,08/23/2023 08:28:00
Embedded Software - Summer 2024 Internships,08/23/2023 08:25:00
Data Engineering and Analytics Summer 2024 Internships,08/23/2023 08:23:00
Electrical Engineering Summer 2024 Internships,08/23/2023 08:21:00
Software Engineering Summer 2024 Internships,08/23/2023 08:13:00
2024 R&D Summer Intern-Track 1,08/22/2023 20:12:00
2024 R&D Summer Intern- Track 2,08/22/2023 20:09:00
2024 R&D Summer Intern- Track 3,08/22/2023 20:03:00
Design Automation Intern,08/22/2023 19:43:00
Software Engineering Intern Summer 2024,08/22/2023 16:01:00
Software Engineer Intern (Summer 2024),08/22/2023 08:16:00
Software Developer Intern,08/21/2023 21:22:00
2024 Summer Internship Early Careers – Technology (Software or Data Engineer),08/21/2023 21:19:00
Software Engineer Intern - Customer Identity Cloud Summer 2024,08/21/2023 21:16:00
Data Scientist Intern (2024),08/21/2023 21:14:00
Software Engineer Intern (2024),08/21/2023 21:03:00
2024 Software/Systems Engineering Intern - Beavercreek/Wright-Patterson AFB OH,08/21/2023 14:49:00
Software Engineering Intern Summer 2024,08/21/2023 08:53:00
Software Engineering Summer 2024 Intern- Undergraduate,08/21/2023 08:26:00
Internship - 2024 Charles Schwab Software Engineering,08/20/2023 11:48:00
Technology Development Program (TECDP) Summer Intern 2024- Evernorth,08/20/2023 11:23:00
Software Engineer Intern,08/19/2023 20:02:00
2024 Digital Solutions Intern,08/19/2023 20:02:00
Software Engineering Internship (Summer 2024),08/19/2023 19:57:00
Data Engineer Intern,08/19/2023 19:49:00
Summer 2024 Intern - Data Science Data & Analytics,08/19/2023 19:49:00
Software Engineer Intern Summer 2024,08/19/2023 19:46:00
Undergraduate Software Engineering Internship - Summer 2024,08/18/2023 13:19:00
2024 Summer Intern: Data Scientist,08/18/2023 11:40:00
Electrical Engineering Intern– Summer 2024,08/17/2023 11:23:00
BOEING SUMMER 2024 INTERNSHIP PROGRAM (PAID) – ENGINEERING,08/17/2023 11:03:00
Computing Undergraduate Student Intern - Summer,08/17/2023 10:50:00
Software Engineer Intern - NetSuite,08/17/2023 10:34:00
Software Engineer Intern Summer 2024 – United States,08/17/2023 10:29:00
Campus Undergraduate - 2024 Technology Software Engineering Internship Phoenix AZ,08/17/2023 10:19:00
Data Scientist: Internship Opportunities Redmond Washington United States,08/17/2023 10:05:00
Data Scientist: Internship Opportunities Atlanta Georgia United States,08/17/2023 10:05:00
Data Scientist: Internship Opportunities Mountain View California United States,08/17/2023 10:03:00
Software Engineering Intern,08/16/2023 11:47:00
Undergraduate Internship - Electrical Engineering (Bachelors),08/16/2023 10:11:00
Graduate Internship - Electrical Engineering (MS/PhD),08/16/2023 10:11:00
Undergrad Technical Intern,08/16/2023 10:11:00
Summer 2024 Internship Webinar,08/16/2023 09:52:00
Technology Engineer Intern 2024,08/15/2023 20:07:00
Summer Intern - Firmware,08/15/2023 19:53:00
Software Engineering: Intern Opportunities for University Students Boise,08/15/2023 19:51:00
Software Engineering: Intern Opportunities for University Students Charlotte,08/15/2023 19:51:00
Software Engineering: Intern Opportunities for University Students New York City,08/15/2023 19:50:00
Software Engineering: Intern Opportunities for University Students Burlington,08/15/2023 19:50:00
Software Engineering: Intern Opportunities for University Students Cambridge,08/15/2023 19:49:00
Software Engineering: Intern Opportunities for University Students Atlanta United States,08/15/2023 19:48:00
Software Engineering: Intern Opportunities for University Students Multiple Locations,08/15/2023 19:47:00
Software Engineering: Intern Opportunities for University Students Lehi,08/15/2023 19:46:00
Software Engineering: Intern Opportunities for University Students Reston,08/15/2023 19:45:00
Software Engineering: Intern Opportunities for University Students Bay Area,08/15/2023 19:45:00
Software Engineering: Intern Opportunities for University Students Fargo,08/15/2023 19:43:00
Software Engineering: Intern Opportunities for University Students St. Louis,08/15/2023 19:40:00
Software Engineering: Intern Opportunities for University Students San Diego,08/15/2023 16:05:00
Hardware Engineer Intern -- Summer 2024,08/15/2023 15:27:00
Data Analytics and Reporting Intern,08/15/2023 15:19:00
Test & Automation Intern,08/15/2023 15:19:00
Test Engineering Intern,08/15/2023 15:18:00
Single-Family Software Developer Intern - Summer 2024 (Hybrid - 3 Days in Office) (JR11159),08/15/2023 15:10:00
DTT Software Engineering Summer 2024 Intern,08/15/2023 14:56:00
Shell Assessed Internship Program 2024 - United States,08/15/2023 09:23:00
PwC Technology - Data Platform Engineering Intern - Summer 2024,08/15/2023 09:15:00
ML Intern Customer Team,08/15/2023 08:43:00
SEO Data Scientist Intern,08/15/2023 08:43:00
Analytics Engineer Intern,08/15/2023 08:41:00
Data Analytics Intern,08/15/2023 08:41:00
2024 Summer Intern - Technology Analyst Software Engineering US,08/15/2023 08:40:00
Software Engineering: Intern Opportunities for University Students Redmond,08/15/2023 08:32:00
R-1619751 2023 Intern Conversion: 2024 FT Data Scientist - Submitted Application,08/14/2023 19:41:00
R-1617277 2023 Intern Conversion: 2024 FT Automation Engineer - Submitted Application,08/14/2023 19:41:00
R-1452374 2024 Summer Intern: Systems Engineer (Bentonville AR) - Submitted Application,08/14/2023 19:41:00
R-1437326 2024 Summer Intern: Supply Chain Innovation & Automation - Automation Engineer - Submitted Application,08/14/2023 19:41:00
Tech Internship Program,08/14/2023 14:09:00
SWE Intern,08/14/2023 14:07:00
Machine Learning Engineer Intern - Remote,08/14/2023 09:35:00
Software Engineer Graduate (TikTok Privacy and Security ) - 2024 Start (BS/MS/PhD),08/13/2023 18:18:00
Data Scientist Graduate (TikTok Product Analytics & Ecosystem) - 2024 Start (BS/MS),08/13/2023 18:18:00
Engineering Intern AD-ADAS (Summer/Fall),08/13/2023 15:41:00
Data Scientist Intern 2024,08/13/2023 15:29:00
Global Quantitative Analytics Summer 2024 Analyst,08/13/2023 13:41:00
NAM Quantitative Analysis Summer Analyst - New York City (North America - 2024),08/13/2023 00:05:00
2024 Engineering Summer Intern,08/12/2023 23:57:00
Software Engineering Intern Embedded - Summer 2024,08/12/2023 23:26:00
Undergraduate Internship - Data Science (Bachelors),08/12/2023 23:13:00
Quantitative Researcher Intern Summer 2024,08/12/2023 23:09:00
Quantitative Developer Intern Summer 2024,08/12/2023 23:09:00
Data Analyst Intern - Summer 2024,08/11/2023 08:57:00
Intern Characterization,08/11/2023 08:39:00
Summer 2024 Internship,08/11/2023 08:20:00
Software Engineer Intern (Privacy and Security-Big Data) - 2024 Summer (BS/MS),08/11/2023 00:10:00
Software Engineer Intern (Privacy and Security-Big Data) - 2024 Summer (BS/MS),08/11/2023 00:09:00
Summer Intern – Firmware Engineer (Connectivity and Sensing),08/10/2023 23:03:00
NVIDIA 2024 Internships: Hardware Physical Design Intern,08/10/2023 23:00:00
NVIDIA 2024 Internships: Artificial Intelligence Engineering Intern,08/10/2023 22:43:00
NVIDIA 2024 Internships: Computer Architecture Intern,08/10/2023 22:42:00
NVIDIA 2024 Internships: Software Engineering Intern,08/10/2023 22:42:00
NVIDIA 2024 Internships: Systems Software Engineering Intern,08/10/2023 22:41:00
Algorithmic Trader Intern,08/10/2023 22:35:00
Quantitative Trader Intern,08/10/2023 22:35:00
Campus Software Engineer Intern,08/10/2023 11:42:00
Campus Data Engineer Intern,08/10/2023 11:41:00
2024 Systems/Software Intern,08/10/2023 08:55:00
2024 Systems/Software Intern,08/10/2023 08:54:00
2024 Systems/Software Intern,08/10/2023 08:53:00
Intern - Manufacturing Development Engineering,08/10/2023 08:40:00
Technical Internship,08/09/2023 21:00:00
Software Engineer Intern Data Science And Solutions,08/09/2023 20:49:00
Entry-Level Software Engineering Rotational Program,08/09/2023 08:21:00
2024 Intern Electronics Engineer – Manhattan Beach CA,08/07/2023 21:16:00
2024 Summer Intern – Software Engineering,08/07/2023 21:02:00
2024 Summer Intern - GM Lab Test Technician,08/07/2023 21:02:00
2024 Summer Intern - Engineering Design,08/07/2023 21:02:00
2024 Summer Intern - Manufacturing Controls/Electrical Engineer,08/07/2023 20:52:00
Undergraduate Internship – Electrical Engineering Computer Science Computer Engineering,08/07/2023 20:30:00
Data Analyst Intern - Summer 2024,08/06/2023 21:38:00
Cell Manufacturing - Controls and Software Automation Engineering Internship (Spring/Summer 2024),08/06/2023 21:19:00
Vehicle Hardware - Software Engineering and Machine Learning Internship (Spring/Summer 2024),08/06/2023 21:18:00
Vehicle Hardware - Electrical and Computer Engineering Internship (Spring/Summer 2024),08/06/2023 21:17:00
Cell Manufacturing - Process and Production Engineering Internship (Spring/Summer 2024),08/06/2023 21:15:00
Cell - Data Analytics and Test Engineering Internship (Spring/Summer 2024),08/06/2023 21:12:00
Vehicle Hardware - Silicon Development Engineering Internship (Spring/Summer 2024),08/06/2023 21:09:00
Energy - Safety and Compliance Engineering Internship (Spring/Summer 2024),08/06/2023 21:06:00
Vehicle Hardware - Firmware Engineering Internship Dojo (Spring/Summer 2024),08/06/2023 16:15:00
Vehicle Hardware - Software Algorithm Engineering Internship (Spring/Summer 2024),08/06/2023 16:14:00
Cell - Quality and Systems Engineering Internship (Spring/Summer 2024),08/06/2023 15:15:00
Cell - Abuse Testing & Engineering (Spring/Summer 2024),08/06/2023 14:23:00
Electrical Engineering Internship Abuse Functional Safety (Spring/Summer 2024),08/06/2023 14:19:00
Cell Manufacturing - Equipment Engineering Internship (Spring/Summer 2024),08/06/2023 14:10:00
Cell Manufacturing - Assembly Engineering Internship (Spring/Summer 2024),08/06/2023 14:08:00
Energy - Firmware Engineering Internship (Spring/Summer 2024),08/06/2023 14:06:00
Energy - Sales Engineering Internship (Spring/Summer 2024),08/06/2023 13:26:00
Energy - Business Operations Internship (Spring/Summer 2024),08/06/2023 13:23:00
Cell - Electrical Engineering Internship (Spring/Summer 2024),08/06/2023 13:21:00
Energy - Electrical Engineering Internship (Spring/Summer 2024),08/06/2023 13:14:00
Energy - Project Engineering Internship (Spring/Summer 2024),08/06/2023 12:23:00
Battery Data Scientist Internship (Spring/Summer 2024),08/06/2023 11:42:00
Field Test Engineering Internship (Spring/Summer 2024),08/06/2023 11:35:00
Energy – Software Engineering (Spring/Summer 2024),08/06/2023 11:17:00
Reliability Engineering Internship (Spring/Summer 2024),08/06/2023 11:15:00
Software Engineering Intern (2024) San Francisco California,08/06/2023 11:02:00
Junior Quantitative Trading Analyst Intern - Summer 2024 Chicago,08/06/2023 10:36:00
Software Engineer Intern - Summer 2024 Boulder,08/06/2023 10:36:00
Software Engineer Intern - Summer 2024 Chicago,08/06/2023 10:36:00
Data Engineer (Intern) United States,08/06/2023 10:36:00
JD Logistics - Data Analyst Intern (Logistics/Supply Chain),08/05/2023 23:43:00
JD Logistics - Data Analyst Intern (Logistics/Supply Chain),08/05/2023 23:43:00
2024 Analytics & Data Science Intern,08/05/2023 23:28:00
Software Engineering Intern,08/05/2023 23:26:00
Hardware Engineer II (Intern) United States,08/05/2023 23:09:00
Hardware Engineer I (Intern) United States,08/05/2023 23:09:00
Data Engineer (Intern) United States,08/05/2023 22:53:00
Data Scientist (Intern) United States,08/05/2023 22:53:00
Software Consulting Engineer (Intern) United States,08/05/2023 22:53:00
Software Engineer II (Intern) United States,08/05/2023 22:53:00
Software Engineer I (Intern) United States,08/05/2023 22:52:00
Internship - Developer,08/05/2023 22:28:00
Internship - Quantitative Trading,08/05/2023 12:38:00
Algorithmic Trader Intern,08/05/2023 12:37:00
Quantitative Trader Intern,08/05/2023 12:25:00
Deloitte Risk & Financial Advisory Software Engineer Intern - Technology Assets (Summer 2024),08/05/2023 12:03:00
2024 Summer Internship Early Careers - Analytics & Data,08/05/2023 11:53:00
2024 Summer Intern – Electrical Hardware Engineering,08/05/2023 11:51:00
GE Aerospace Electrical Engineer Intern (Bohemia NY) – Summer 2024,08/05/2023 11:37:00
Software Development Engineer Internship - 2024 (US),08/05/2023 10:59:00
Software Engineering Intern - Summer,08/01/2023 22:54:00
Deloitte Risk & Financial Advisory Software Engineer Intern - Technology Assets (Summer 2024),08/01/2023 22:51:00
Software Engineering Summer 2024 Intern- Undergraduate,08/01/2023 22:47:00
Data Science Internship (Summer 2024),08/01/2023 22:39:00
Software Engineer - Internship,08/01/2023 21:52:00
Technology Internship - 2024 Summer JJT Intern,08/01/2023 21:49:00
2024 Summer Intern – Digital Transformation – Data Analyst or Data Scientist,07/30/2023 14:45:00
Embedded FW Summer Intern - 2024,07/30/2023 14:38:00
Software Engineering Intern,07/30/2023 14:27:00
Prudential: 2024 Global Technology Software Engineering Internship Program,07/30/2023 14:08:00
Software Engineering Intern Summer 2024,07/30/2023 13:48:00
GE Aerospace Systems Engineering Intern/Co-op - Summer 2024,07/30/2023 13:19:00
GE Aerospace Engineering Engines Computer or Software Engineering Intern - Summer 2024,07/30/2023 13:09:00
2024 Summer Intern : Technology – Software Development & Engineering - Undergrad or Master,07/22/2023 17:36:00
Technology Summer Internship 2024,07/22/2023 11:26:00
QUANTITATIVE DEVELOPMENT INTERNSHIP SUMMER 2024,07/19/2023 21:00:00
SOFTWARE ENGINEER INTERN - PYTHON SUMMER 2024,07/19/2023 20:56:00
SOFTWARE ENGINEER INTERN - PYTHON SUMMER 2024,07/19/2023 20:06:00
Intern Software Engineer,07/19/2023 19:59:00
Data Scientist Intern,07/16/2023 17:04:00
Summer 2024 Internship/ Co-Op - Software,07/16/2023 16:39:00
Summer 2024 Internship/ Co-Op - Engineering,07/16/2023 16:38:00
Automation Data Quality Tech Summer 2024 Analyst,07/15/2023 22:20:00
Summer 2024 Internship Program,07/15/2023 00:52:00
Software Developer Intern,07/15/2023 00:45:00
2024 Technology and Innovation Internship,07/15/2023 00:32:00
2024 Internship,07/15/2023 00:27:00
GE Aerospace Systems Engineering Intern/Co-op - Summer 2024,07/10/2023 20:51:00
GE Aerospace US Digital Technology Co-op/Intern - Summer 2024,07/10/2023 20:51:00
GE Aerospace Research - 2024 Edison Program Internship,07/10/2023 20:51:00
Software Engineering Internship Program,07/08/2023 22:46:00
Software Engineering Intern,07/08/2023 22:45:00
Intern - Software Automation Engineer,07/08/2023 22:42:00
Summer Internship Program,07/08/2023 21:48:00
2024 Summer Internship-Express Interest,07/07/2023 15:29:00
Software Developer Intern,07/07/2023 14:53:00
Hardware Technology Internships,07/07/2023 14:52:00
Hardware Hardware Products Hardware Engineering Internships,07/07/2023 14:51:00
Engineering Program Management Internships,07/07/2023 14:49:00
Software Engineering Internships,07/07/2023 14:48:00
Software Engineer Intern Brain Interfaces,07/07/2023 14:46:00
Software Engineering Intern,07/07/2023 14:37:00
Embedded Software Engineer Intern,07/07/2023 14:24:00
Global Technology Summer Analyst Program - 2024,07/07/2023 13:27:00
Intern - Summer 2024 Program,07/07/2023 13:13:00
Electrical Engineering Intern,07/07/2023 13:07:00
Software Engineering Intern,07/07/2023 12:52:00
2024 Engineering Intern (Electrical Engineering),07/06/2023 23:53:00
2024 Engineering Intern (Computer Science Computer Engineering or Software Engineering),07/06/2023 23:42:00
2024 Analytics & Data Science Intern,07/06/2023 23:34:00
Software Engineering Intern,07/06/2023 23:28:00
SOFTWARE ENGINEER PROGRAM – SUMMER INTERNSHIP OPPORTUNITY,07/06/2023 23:14:00
Embedded Firmware Engineer Intern,07/06/2023 23:05:00
Tesla x UC-San Diego– Engineering Internships (Fall 2023-Summer 2024),07/06/2023 22:04:00
Product & Test Engineering Intern,07/06/2023 21:40:00
